{
  "final_exploitability": {
    "mean": 0.04853346506988428,
    "std": 0.028473739622450804,
    "se": 0.009004187070952739,
    "n_finite": 10
  },
  "best_exploitability": {
    "mean": 0.014223412693784566,
    "std": 0.0038404416849746516,
    "se": 0.0012144542945574748,
    "n_finite": 10
  },
  "final_window_mean_exploitability": {
    "mean": 0.04529289251901343,
    "std": 0.026951176789923193,
    "se": 0.008522710427802263,
    "n_finite": 10
  },
  "final_policy_value": {
    "mean": -0.05433815966778736,
    "std": 0.01982358900241691,
    "se": 0.006268769264670256,
    "n_finite": 10
  },
  "final_policy_value_signed_error": {
    "mean": 0.0012173958877681967,
    "std": 0.01982358900241691,
    "se": 0.006268769264670256,
    "n_finite": 10
  },
  "final_policy_value_error": {
    "mean": 0.009662661214241563,
    "std": 0.017055212427401673,
    "se": 0.005393331724859843,
    "n_finite": 10
  },
  "best_policy_value_error": {
    "mean": 0.00018154712258766637,
    "std": 0.00022807658895085127,
    "se": 7.212415020466831e-05,
    "n_finite": 10
  },
  "final_nodes_touched": {
    "mean": 7015264.1,
    "std": 43588.63704491497,
    "se": 13783.937316432244,
    "n_finite": 10
  },
  "final_wall_clock_seconds": {
    "mean": 3717.4441456634,
    "std": 42.10514028614401,
    "se": 13.314814450512882,
    "n_finite": 10
  },
  "nodes_to_exploitability_threshold": {
    "mean": 139465.2,
    "std": 49233.21265117233,
    "se": 15568.908850512149,
    "n_finite": 10
  },
  "seconds_to_exploitability_threshold": {
    "mean": 66.61001483620016,
    "std": 25.606535454715154,
    "se": 8.097497502275528,
    "n_finite": 10
  },
  "final_legal_action_mass_mean": {
    "mean": 0.9999999930461249,
    "std": 1.5389853118316434e-08,
    "se": 4.866698870932473e-09,
    "n_finite": 10
  },
  "final_legal_action_mass_min": {
    "mean": 0.9999999344348908,
    "std": 1.884864366154897e-08,
    "se": 5.960464477539062e-09,
    "n_finite": 10
  },
  "final_policy_normalized_entropy_mean": {
    "mean": 0.4614330761498689,
    "std": 0.026792048661458193,
    "se": 0.008472389695227336,
    "n_finite": 10
  },
  "final_advantage_target_variance": {
    "mean": 0.6995212435722351,
    "std": 0.046622237821063034,
    "se": 0.014743246112860492,
    "n_finite": 10
  },
  "final_policy_loss": {
    "mean": 51.817054748535156,
    "std": 8.828815030932725,
    "se": 2.7919164538077355,
    "n_finite": 10
  },
  "final_policy_grad_norm": {
    "mean": 6.691910989704614,
    "std": 1.1322286012622664,
    "se": 0.35804212119753565,
    "n_finite": 10
  },
  "final_advantage_grad_norm_player_0": {
    "mean": 27.977503343464853,
    "std": 1.7910215512363985,
    "se": 0.5663707440354979,
    "n_finite": 10
  },
  "final_advantage_grad_norm_player_1": {
    "mean": 29.48139202263412,
    "std": 3.754353977790737,
    "se": 1.1872309712331939,
    "n_finite": 10
  },
  "final_policy_training_events": {
    "mean": 60.0,
    "std": 0.0,
    "se": 0.0,
    "n_finite": 10
  },
  "final_policy_gradient_steps": {
    "mean": 12000.0,
    "std": 0.0,
    "se": 0.0,
    "n_finite": 10
  },
  "final_learning_rate": {
    "mean": 0.003,
    "std": 0.0,
    "se": 0.0,
    "n_finite": 10
  },
  "final_nash_conv_recomputed": {
    "mean": 0.09706693013976855,
    "std": 0.05694747924490161,
    "se": 0.018008374141905478,
    "n_finite": 10
  }
}